speed,rpm,el,ts
56,9000,35,41032
57,9500,23,44632
38,4000,23,48232
23,4000,25,51832
23,4500,25,55432
45,5000,15,59032
3,1000,25,62632
23,6000,25,66232
34,6500,28,69832
34,7000,30,73432
45,7500,24,77032
45,8000,19,80632
4,1000,19,84232
54,9000,20.42307692,87832
54,3000,20.20879121,91432
3,1000,19.99450549,95032
43,4000,19.78021978,98632
3,1000,19.56593407,102232
